rank,address,nfts,amount_plank,amount_wei,pct_of_pool,pct_of_supply
1,0x4d39083a277c4908844dfde44a368ba4d26bedaf,65,1575467803845,1575467803845000000000000000000,4.2153048,0.1773336576
2,0x8e170d8b87ff190e89b75f0bce4999e9da2431c8,37,896804749881,896804749881000000000000000000,2.39948119,0.1009437743
3,0xa1f59c3b73715af89aad711fafc47e0776857944,35,848328817455,848328817455000000000000000000,2.26977951,0.0954873541
4,0x061315a4598854f3e228fccd6b0cfb1a6435ba5f,33,799852885029,799852885029000000000000000000,2.14007782,0.0900309339
5,0x9819bbb9c355ab6f91304a1a54d301d72ca31247,33,799852885029,799852885029000000000000000000,2.14007782,0.0900309339
6,0xed600ba1297c9abd9cab2e2eb88a44b666910ea9,33,799852885029,799852885029000000000000000000,2.14007782,0.0900309339
7,0xf33b4d58353ec6bf220e6b5b4d75880877e1f978,33,799852885029,799852885029000000000000000000,2.14007782,0.0900309339
8,0x699c7dc26322c70bc1f52c9420e0b93594ee3163,28,678663053964,678663053964000000000000000000,1.81582361,0.0763898833
9,0x72d0fd2f9cdd52905f8db816efba9cce8abf684d,27,654425087751,654425087751000000000000000000,1.75097276,0.0736616732
10,0x287dcdd23a5ca68f1f5194ed5458676a5ac5849e,25,605949155325,605949155325000000000000000000,1.62127108,0.0682052529
11,0x0ce61dc009669c4691491263dca7c30209924ed3,24,581711189112,581711189112000000000000000000,1.55642023,0.0654770428
12,0x5880ad155eddab6ea413f8c8b243c11f737573f9,24,581711189112,581711189112000000000000000000,1.55642023,0.0654770428
13,0x70d50867373331acda3513fd353ec4d394f2331c,22,533235256686,533235256686000000000000000000,1.42671855,0.0600206226
14,0x32f00258ed197badc0971da04799aa7042b81253,20,484759324260,484759324260000000000000000000,1.29701686,0.0545642023
15,0x7304b78e28370f45fdf77ca67bdbbf550c3aac34,19,460521358047,460521358047000000000000000000,1.23216602,0.0518359922
16,0x63f67a2e42352c693e8d7c88dff0ad6c58e29bb1,18,436283391834,436283391834000000000000000000,1.16731518,0.0491077821
17,0x06b4e5bd69cf2feda7ba52c8554e9110581464d5,17,412045425621,412045425621000000000000000000,1.10246433,0.046379572
18,0x66199aa0764a540dcca5a6593368b3434c908669,17,412045425621,412045425621000000000000000000,1.10246433,0.046379572
19,0xfd25d661e28f684e72c484dfe7cceb0af43a12f9,17,412045425621,412045425621000000000000000000,1.10246433,0.046379572
20,0x89f6b520a1715373fa21e311d6833d19b3cec5dc,16,387807459408,387807459408000000000000000000,1.03761349,0.0436513619
21,0xe4b67c77317d32da364ae36c3a4bec4d166d53b4,16,387807459408,387807459408000000000000000000,1.03761349,0.0436513619
22,0x6dbb6e3a7218df1f1c3f83f83383970547ab7dce,15,363569493195,363569493195000000000000000000,0.97276265,0.0409231518
23,0xac2d528ed9add1ed761ac06bab3dd8fb40792189,15,363569493195,363569493195000000000000000000,0.97276265,0.0409231518
24,0xb8ebbe55b5c18ad0075b3b247b50ea82385bda0d,15,363569493195,363569493195000000000000000000,0.97276265,0.0409231518
25,0x1b29ee80ba7316f65d496ccbdf66245a8fef363e,14,339331526982,339331526982000000000000000000,0.9079118,0.0381949416
26,0x4113715efb2282cc63ec04129628ed5ef8799938,14,339331526982,339331526982000000000000000000,0.9079118,0.0381949416
27,0x9f010a1583f7ed30d6cd46937c023e9fb4a5f847,14,339331526982,339331526982000000000000000000,0.9079118,0.0381949416
28,0xc1db89b97b45953c0ef51295ab6826076d347dce,14,339331526982,339331526982000000000000000000,0.9079118,0.0381949416
29,0x2bb7e2184b2dfc2595d6a8a557507bb763c4eb44,13,315093560769,315093560769000000000000000000,0.84306096,0.0354667315
30,0x5ed93a19e87a2b53a5bb3c225c09177dbe98ff40,13,315093560769,315093560769000000000000000000,0.84306096,0.0354667315
31,0x878ed19b41394261d5215de18ced642a3f0ed451,12,290855594556,290855594556000000000000000000,0.77821012,0.0327385214
32,0x701e2034cf2128a2f526a0044cd69ef9faafadcc,11,266617628343,266617628343000000000000000000,0.71335927,0.0300103113
33,0x8439bf8e1fdd160da268a89c397d0921a17043b4,11,266617628343,266617628343000000000000000000,0.71335927,0.0300103113
34,0x55fe120cce30167c1c4e579fcd7423f7d8f95821,10,242379662130,242379662130000000000000000000,0.64850843,0.0272821012
35,0xd6dab4691ee54fd06b3e834c90b78ff5cb633ee8,10,242379662130,242379662130000000000000000000,0.64850843,0.0272821012
36,0x105cea72284784b13a26c633ce18de4711f81c29,9,218141695917,218141695917000000000000000000,0.58365759,0.0245538911
37,0x486058f0d5c838454a7b5905c3b1ece98b76972c,9,218141695917,218141695917000000000000000000,0.58365759,0.0245538911
38,0x820dbcaa5834c11824b51ec0e5b713165ed6f61e,9,218141695917,218141695917000000000000000000,0.58365759,0.0245538911
39,0xf899f549aaf979d8e451d42c31c48a4e39ac59c9,9,218141695917,218141695917000000000000000000,0.58365759,0.0245538911
40,0x5c22257be909cc48e803007e9a9656f94c3faba0,8,193903729704,193903729704000000000000000000,0.51880674,0.0218256809
41,0xc62965d0c1bacabbeae5cd758c2888bcd1c7f4d8,8,193903729704,193903729704000000000000000000,0.51880674,0.0218256809
42,0xd1913ca2126fe5f230a0f32946aa839455f43a1a,8,193903729704,193903729704000000000000000000,0.51880674,0.0218256809
43,0xf8da81acae505dcc1078409e00416af42cf2ab40,8,193903729704,193903729704000000000000000000,0.51880674,0.0218256809
44,0x2b25e8d77642e6b8be906c66254538d52611d0ba,7,169665763491,169665763491000000000000000000,0.4539559,0.0190974708
45,0xe975b410c3864f1819af1e662098790a4cf9b04d,7,169665763491,169665763491000000000000000000,0.4539559,0.0190974708
46,0x1afb13de99de869fe3efa7115f598eccba3cb555,6,145427797278,145427797278000000000000000000,0.38910506,0.0163692607
47,0x349661a1aa403f7e1b2e10c30f4689568200b7cc,6,145427797278,145427797278000000000000000000,0.38910506,0.0163692607
48,0x36e87529a3d23eb60300cf2095902387b5251622,6,145427797278,145427797278000000000000000000,0.38910506,0.0163692607
49,0x3e0914fc2b3b67a476142020b7d6990d01ad234e,6,145427797278,145427797278000000000000000000,0.38910506,0.0163692607
50,0x46455f2fec29f31f058a50cc70621ffaccfd030a,6,145427797278,145427797278000000000000000000,0.38910506,0.0163692607
51,0x7558cd06f3f53391e50d093ee000266b685fc875,6,145427797278,145427797278000000000000000000,0.38910506,0.0163692607
52,0x86e65b6c6117321f451c59ac9501eafd73565382,6,145427797278,145427797278000000000000000000,0.38910506,0.0163692607
53,0xb5e6387ee173fb6546fef0d39180591c28cf3fb6,6,145427797278,145427797278000000000000000000,0.38910506,0.0163692607
54,0xcc0e129c95c91f92dddf8d856358c2b3b06d1d50,6,145427797278,145427797278000000000000000000,0.38910506,0.0163692607
55,0x278cfff7337f3636ed0bc1ab044d9ef0b9de1e26,5,121189831065,121189831065000000000000000000,0.32425422,0.0136410506
56,0x32dcf68acef69addf9a090f70bf8b1897ff4d782,5,121189831065,121189831065000000000000000000,0.32425422,0.0136410506
57,0x400f69528cddcd95f55815fcf8ca6bf41c565167,5,121189831065,121189831065000000000000000000,0.32425422,0.0136410506
58,0x5aec8aca0361877e5b7d4ce6de26b39d455439cc,5,121189831065,121189831065000000000000000000,0.32425422,0.0136410506
59,0x8d0c00e47a525f3d4eaa16bd735b3524ab0afa08,5,121189831065,121189831065000000000000000000,0.32425422,0.0136410506
60,0xbce030c09d73ac91677e5df4bec4cf9ea52ed7f1,5,121189831065,121189831065000000000000000000,0.32425422,0.0136410506
61,0xc0658ebddcfff897b1f95c20a40fd5328438b65c,5,121189831065,121189831065000000000000000000,0.32425422,0.0136410506
62,0xc1ae49d59f3557c6ec4f2398831c72b623885338,5,121189831065,121189831065000000000000000000,0.32425422,0.0136410506
63,0xcb3473b401d90159e0d5e6f204c52a6b3ad49380,5,121189831065,121189831065000000000000000000,0.32425422,0.0136410506
64,0xf5b4d097042cf2ae5bdb8eeb9e3a836875421854,5,121189831065,121189831065000000000000000000,0.32425422,0.0136410506
65,0xfbec0614c7c710de11d0b3ffe5b338fa718c345d,5,121189831065,121189831065000000000000000000,0.32425422,0.0136410506
66,0x0096ae7f8013072f1ea04a99f78ace6fcfb6ec96,4,96951864852,96951864852000000000000000000,0.25940337,0.0109128405
67,0x0317fab80dde7bc06e6fc418f41d88e101c028f5,4,96951864852,96951864852000000000000000000,0.25940337,0.0109128405
68,0x269a93ec8486fbc3a82e352430e84fd8af8ebb0d,4,96951864852,96951864852000000000000000000,0.25940337,0.0109128405
69,0x3124a0e29bb77b2bac9eff8189c4e3f6882d2efb,4,96951864852,96951864852000000000000000000,0.25940337,0.0109128405
70,0x3168866520430d547ec7796e64dc2869d7e522c9,4,96951864852,96951864852000000000000000000,0.25940337,0.0109128405
71,0x36136b7167b4b8d4adbb7f89d0ead87dd73f558a,4,96951864852,96951864852000000000000000000,0.25940337,0.0109128405
72,0x385fa52944e8041438a75949e07a780351f4a56d,4,96951864852,96951864852000000000000000000,0.25940337,0.0109128405
73,0x3aa9f65d70beb73f249ace4582bf89dac1ffdad4,4,96951864852,96951864852000000000000000000,0.25940337,0.0109128405
74,0x45402b7e815e58787f0b729cea940d2b2ff268dc,4,96951864852,96951864852000000000000000000,0.25940337,0.0109128405
75,0x5979753061ff0856120d324b7d7fe9cf0e0604bb,4,96951864852,96951864852000000000000000000,0.25940337,0.0109128405
76,0x6d4621ae052f8aa11f6fbe24284852dae3f4107e,4,96951864852,96951864852000000000000000000,0.25940337,0.0109128405
77,0x6e5d5e217886dcdeb463ac8cac61f049b86d09f1,4,96951864852,96951864852000000000000000000,0.25940337,0.0109128405
78,0x7719b679f34a2eec8610af5100d854057b41ec5c,4,96951864852,96951864852000000000000000000,0.25940337,0.0109128405
79,0x7c41ee39989a3870e72e1b5902d907cd8eaa1798,4,96951864852,96951864852000000000000000000,0.25940337,0.0109128405
80,0x8bfff4d264cc4fcc33a52f918d980c8a1244e0da,4,96951864852,96951864852000000000000000000,0.25940337,0.0109128405
81,0x8d8cb6d19e32115823cf0008701a84fb07f43467,4,96951864852,96951864852000000000000000000,0.25940337,0.0109128405
82,0x96b9a37b63a1c00527867f6a30726a9620333496,4,96951864852,96951864852000000000000000000,0.25940337,0.0109128405
83,0xa202e76263f0d181ed8b7d5401a5c0e96218c94c,4,96951864852,96951864852000000000000000000,0.25940337,0.0109128405
84,0xa6dd5f927d07c85170f33ecd25e7b03cf02289fe,4,96951864852,96951864852000000000000000000,0.25940337,0.0109128405
85,0xb407d12572f08af66cb3b0bb10f2a403621a7be2,4,96951864852,96951864852000000000000000000,0.25940337,0.0109128405
86,0xcdad8027b8657926fbedb85762c5312cbd6e831e,4,96951864852,96951864852000000000000000000,0.25940337,0.0109128405
87,0xd6c6a77719b9da321463c76c0e61024ec1e8caaf,4,96951864852,96951864852000000000000000000,0.25940337,0.0109128405
88,0xea1420c79a940b2ecfe694ea76ac6a21eefac410,4,96951864852,96951864852000000000000000000,0.25940337,0.0109128405
89,0xf793950ef6405f8e3c293c0ca81608ab7a527d32,4,96951864852,96951864852000000000000000000,0.25940337,0.0109128405
90,0x04b11fe93578147f4893a4b449401a57a31a9356,3,72713898639,72713898639000000000000000000,0.19455253,0.0081846304
91,0x212aa4eb089ac23f572265e5ab9faf3de6bfd603,3,72713898639,72713898639000000000000000000,0.19455253,0.0081846304
92,0x38f55f77ce4087e1c3fbf4873fec69f2a2c2037e,3,72713898639,72713898639000000000000000000,0.19455253,0.0081846304
93,0x6398b4743d3cf953d5d68bed5daeeefb77cb448a,3,72713898639,72713898639000000000000000000,0.19455253,0.0081846304
94,0x65ea5fc7f489d183be044a46c519a3cb47828a58,3,72713898639,72713898639000000000000000000,0.19455253,0.0081846304
95,0x897e1ac1806814b49de9372a4dfece830f2adb81,3,72713898639,72713898639000000000000000000,0.19455253,0.0081846304
96,0xa1952db7d21e45c49a768c7ca143167abda54660,3,72713898639,72713898639000000000000000000,0.19455253,0.0081846304
97,0xdab8d72e76f6aa46919139e08f7ecd5379504a7c,3,72713898639,72713898639000000000000000000,0.19455253,0.0081846304
98,0xf044541c2fa655d36dbbc1697732fb23d2275dd9,3,72713898639,72713898639000000000000000000,0.19455253,0.0081846304
99,0x01aa2e76f958c294d2f5e26fe4ab50d009884b07,2,48475932426,48475932426000000000000000000,0.12970169,0.0054564202
100,0x01c1f77f4b3f56035047c665cc871c156bddfe12,2,48475932426,48475932426000000000000000000,0.12970169,0.0054564202
101,0x01d59b2410a50fb2aca1693a616608072144b500,2,48475932426,48475932426000000000000000000,0.12970169,0.0054564202
102,0x02b6a09379c1bfc268431895408819d78abd1ddf,2,48475932426,48475932426000000000000000000,0.12970169,0.0054564202
103,0x04b5e240f18d2b033a18eeeaebe95ec61de6dc0d,2,48475932426,48475932426000000000000000000,0.12970169,0.0054564202
104,0x054279f394c45a09764da50d3de276280e77b191,2,48475932426,48475932426000000000000000000,0.12970169,0.0054564202
105,0x06b66e72ee766b6788acda47fd0690169a7624b9,2,48475932426,48475932426000000000000000000,0.12970169,0.0054564202
106,0x07916b71c73c3f11bd95ffd8b85017c2f99363cc,2,48475932426,48475932426000000000000000000,0.12970169,0.0054564202
107,0x07e810fa3bfbd94cc6316de8047bcf8bb61a6307,2,48475932426,48475932426000000000000000000,0.12970169,0.0054564202
108,0x082870b6dbedbd31a889d42fca7ff2a620368a5c,2,48475932426,48475932426000000000000000000,0.12970169,0.0054564202
109,0x09313424624c061aa8656359e9e9b1d7d65b69c2,2,48475932426,48475932426000000000000000000,0.12970169,0.0054564202
110,0x0aab6edac7cf869065506a485c721aca0100dead,2,48475932426,48475932426000000000000000000,0.12970169,0.0054564202
111,0x0ae80ad3f2501963cbbc06b1071e0e7795745176,2,48475932426,48475932426000000000000000000,0.12970169,0.0054564202
112,0x0b1e82922c771d940a5a57c0d6b06e994b59780b,2,48475932426,48475932426000000000000000000,0.12970169,0.0054564202
113,0x0ca11b74e603cc4601b6764c5f9c9d19766bfddf,2,48475932426,48475932426000000000000000000,0.12970169,0.0054564202
114,0x0d6b9bccf97677fa1fa3f5c38aea3f8ca0f200c6,2,48475932426,48475932426000000000000000000,0.12970169,0.0054564202
115,0x0fe4164f81d4d71be2107c233c54079983ee9f0b,2,48475932426,48475932426000000000000000000,0.12970169,0.0054564202
116,0x0fffa433e6db4034ea06e67d83e73f69f0e98f48,2,48475932426,48475932426000000000000000000,0.12970169,0.0054564202
117,0x1112b8c161119d4f866e4c21bacf0eeb3a1c91d9,2,48475932426,48475932426000000000000000000,0.12970169,0.0054564202
118,0x121636b6897ec4a9a37727abaac2e3e360e21e42,2,48475932426,48475932426000000000000000000,0.12970169,0.0054564202
119,0x12e56991fa999466404e4e1d034a1a93470420e0,2,48475932426,48475932426000000000000000000,0.12970169,0.0054564202
120,0x14ce05c813838e9f45e5f690047fed071de8456a,2,48475932426,48475932426000000000000000000,0.12970169,0.0054564202
121,0x1505c19b3bd35e336aac4553f0fd27ff5b550b04,2,48475932426,48475932426000000000000000000,0.12970169,0.0054564202
122,0x150d208025b6785b77c557e31dd8051ea3d91364,2,48475932426,48475932426000000000000000000,0.12970169,0.0054564202
123,0x1588c68d8dd53fec3a39d9a1fa944f138456e906,2,48475932426,48475932426000000000000000000,0.12970169,0.0054564202
124,0x15a5ec7559736336d0a62e35b05325c105a8429c,2,48475932426,48475932426000000000000000000,0.12970169,0.0054564202
125,0x160598df7642ee9c71e43ede4d2b4876622d4d28,2,48475932426,48475932426000000000000000000,0.12970169,0.0054564202
126,0x1741666b45e13a3c2c76df93f77f22c1541ef140,2,48475932426,48475932426000000000000000000,0.12970169,0.0054564202
127,0x174894fc6d749411e4d3079cfa6978832e294f77,2,48475932426,48475932426000000000000000000,0.12970169,0.0054564202
128,0x17a04ca0fee9092a801f1fa18e8df4990ace239a,2,48475932426,48475932426000000000000000000,0.12970169,0.0054564202
129,0x1894e68c4a401a18c778d1ffb29f5a825bc46c88,2,48475932426,48475932426000000000000000000,0.12970169,0.0054564202
130,0x19beca61e54c5d7751c838f60457a5bd01745f63,2,48475932426,48475932426000000000000000000,0.12970169,0.0054564202
131,0x1bb4f80235154ed5e2befc06438dacf96b42359a,2,48475932426,48475932426000000000000000000,0.12970169,0.0054564202
132,0x1c90d1a9725bc6d3ff617ec7ab95d2740b3d9402,2,48475932426,48475932426000000000000000000,0.12970169,0.0054564202
133,0x1ce99a978a406b60a29e9380f8d3d5d21fc50b30,2,48475932426,48475932426000000000000000000,0.12970169,0.0054564202
134,0x1d431829d6a3409fa15ec95f74258fe252276df4,2,48475932426,48475932426000000000000000000,0.12970169,0.0054564202
135,0x20aff59ca97e80a12b520b61ed3e278d465a9fff,2,48475932426,48475932426000000000000000000,0.12970169,0.0054564202
136,0x20cab4382f03cd64d0b175e23b28616614da3c42,2,48475932426,48475932426000000000000000000,0.12970169,0.0054564202
137,0x21e4d961ec8e37c1e8fd7b94c10613a594b69930,2,48475932426,48475932426000000000000000000,0.12970169,0.0054564202
138,0x226d7aa5e07b89276def41b7293491cb877d90b1,2,48475932426,48475932426000000000000000000,0.12970169,0.0054564202
139,0x23676650719c544f6abc12dcaf9c003543322222,2,48475932426,48475932426000000000000000000,0.12970169,0.0054564202
140,0x23680d0fa7253067845250b39ffb67ecfcaa99a2,2,48475932426,48475932426000000000000000000,0.12970169,0.0054564202
141,0x239a0ce786f89583a42d1ad3978f01ffd3f22b0b,2,48475932426,48475932426000000000000000000,0.12970169,0.0054564202
142,0x23a1475c7867f4a0e7a4f238bb45611cd0a37b0b,2,48475932426,48475932426000000000000000000,0.12970169,0.0054564202
143,0x24472f9a26dce3137acb50f5397e5fa51bc404df,2,48475932426,48475932426000000000000000000,0.12970169,0.0054564202
144,0x29e2b7204ef5facae2ab750d42a97e1f50598857,2,48475932426,48475932426000000000000000000,0.12970169,0.0054564202
145,0x2a6d170fa74d10b96e63f098f1500dde9bce30b6,2,48475932426,48475932426000000000000000000,0.12970169,0.0054564202
146,0x2db644273d525aea9eeaa864e922aad4523c2e6b,2,48475932426,48475932426000000000000000000,0.12970169,0.0054564202
147,0x2e10ea839034f0718908a67fd4b868356bc105da,2,48475932426,48475932426000000000000000000,0.12970169,0.0054564202
148,0x2ff456acbee655480ac5181df2323bdf81e03303,2,48475932426,48475932426000000000000000000,0.12970169,0.0054564202
149,0x30c04c1b49e4bae22a7194ac0e53d6f2e9696ee9,2,48475932426,48475932426000000000000000000,0.12970169,0.0054564202
150,0x31e9c5805cd563007edbab0a0ac49976281df413,2,48475932426,48475932426000000000000000000,0.12970169,0.0054564202
151,0x331058b975af04a931745ccf0692977612e890ce,2,48475932426,48475932426000000000000000000,0.12970169,0.0054564202
152,0x334fb05d00d7899bbf87a3e861a524e3ef349201,2,48475932426,48475932426000000000000000000,0.12970169,0.0054564202
153,0x3360e5be9ed7149c4c13307d02be04ff4813fc1c,2,48475932426,48475932426000000000000000000,0.12970169,0.0054564202
154,0x336426329049c119e21be487ff822434cd83d0f2,2,48475932426,48475932426000000000000000000,0.12970169,0.0054564202
155,0x3650018e00aea062ddb48adf521398271fc9917d,2,48475932426,48475932426000000000000000000,0.12970169,0.0054564202
156,0x381a8c6d6a8aa299baf1d975fba2fdac2fc62047,2,48475932426,48475932426000000000000000000,0.12970169,0.0054564202
157,0x381ced1e4fddea190e0bf7f7a8618046971a76ad,2,48475932426,48475932426000000000000000000,0.12970169,0.0054564202
158,0x386cc90d45e8471286c8f0580f982e389d0b0d6e,2,48475932426,48475932426000000000000000000,0.12970169,0.0054564202
159,0x38b08781bd109caec9e2758d2099006cd6a013b1,2,48475932426,48475932426000000000000000000,0.12970169,0.0054564202
160,0x3aafdb9d25540dfc74d5e61aed2bfee2d0830013,2,48475932426,48475932426000000000000000000,0.12970169,0.0054564202
161,0x3ac359247127172afedbd6b5da8a4c388f5046ca,2,48475932426,48475932426000000000000000000,0.12970169,0.0054564202
162,0x3b6faeab434aa6e9c77c6848db98709d123156d1,2,48475932426,48475932426000000000000000000,0.12970169,0.0054564202
163,0x3f47212ea1b02c63d9f386efea1dbb521bd1ef28,2,48475932426,48475932426000000000000000000,0.12970169,0.0054564202
164,0x3f90ede2729882289a2fef3e9a6840eefe0735ff,2,48475932426,48475932426000000000000000000,0.12970169,0.0054564202
165,0x43a106172325df5a3ee017d5c0cd15a0e919d6ba,2,48475932426,48475932426000000000000000000,0.12970169,0.0054564202
166,0x4438bce6f25a0f04abe4b11bccb00a219fde4705,2,48475932426,48475932426000000000000000000,0.12970169,0.0054564202
167,0x4451f0ad65968668a82c848733048abfc27b7448,2,48475932426,48475932426000000000000000000,0.12970169,0.0054564202
168,0x44a7a28a43e900b88e7571e16985bbdd81f6b2eb,2,48475932426,48475932426000000000000000000,0.12970169,0.0054564202
169,0x480fa56806362ee93c36400932dfc99e4be88c54,2,48475932426,48475932426000000000000000000,0.12970169,0.0054564202
170,0x4827e3ef5f176c95adc045c86f92a9ad1d23f40a,2,48475932426,48475932426000000000000000000,0.12970169,0.0054564202
171,0x498d1cb0ec4ccc90f7d1241fec12d175a682e47e,2,48475932426,48475932426000000000000000000,0.12970169,0.0054564202
172,0x4a440c9558cb132875c3ef01232e418649c948f7,2,48475932426,48475932426000000000000000000,0.12970169,0.0054564202
173,0x4d1938bf17f10b0adcce695952da20c30166ccc6,2,48475932426,48475932426000000000000000000,0.12970169,0.0054564202
174,0x4d1f23dbbc9694d4ec978f3634e570c10d7dead3,2,48475932426,48475932426000000000000000000,0.12970169,0.0054564202
175,0x4f6a6a168c6e5a135c773791c639c77de79ebefa,2,48475932426,48475932426000000000000000000,0.12970169,0.0054564202
176,0x4f80765154aa2a88b018f1495fe4fc7550559b61,2,48475932426,48475932426000000000000000000,0.12970169,0.0054564202
177,0x52d5f4646ce964f824a1bb251339eac802e748df,2,48475932426,48475932426000000000000000000,0.12970169,0.0054564202
178,0x52e146361b96280058d7d64f8447afc4c81f7412,2,48475932426,48475932426000000000000000000,0.12970169,0.0054564202
179,0x543ca818620fedea6b780054d7108aa1ffa23a76,2,48475932426,48475932426000000000000000000,0.12970169,0.0054564202
180,0x553379dec6863daef71456ef7c3c00465df3e0bb,2,48475932426,48475932426000000000000000000,0.12970169,0.0054564202
181,0x55a65a46dcbb46761c13039a4a8db63256248d8f,2,48475932426,48475932426000000000000000000,0.12970169,0.0054564202
182,0x56aab3c7b6b14fea658f86bfffdcba9883c74122,2,48475932426,48475932426000000000000000000,0.12970169,0.0054564202
183,0x57c287ecbf3bba9d4ae065ed978143afe303f4fa,2,48475932426,48475932426000000000000000000,0.12970169,0.0054564202
184,0x582002100608a9d1a909d408a165b05506800000,2,48475932426,48475932426000000000000000000,0.12970169,0.0054564202
185,0x5a1dbd3520bba272b23ebf682b33cdbf34f047db,2,48475932426,48475932426000000000000000000,0.12970169,0.0054564202
186,0x5a4610da9c33015960934b6830fb83a7101f0584,2,48475932426,48475932426000000000000000000,0.12970169,0.0054564202
187,0x5bd29901a6dbe1778c026218caef4225e2f13168,2,48475932426,48475932426000000000000000000,0.12970169,0.0054564202
188,0x5c0cd3807f704162f220e4b2962b16b7992042e3,2,48475932426,48475932426000000000000000000,0.12970169,0.0054564202
189,0x5c15ac512066fa792836208b4592ff173c22becb,2,48475932426,48475932426000000000000000000,0.12970169,0.0054564202
190,0x5d244e23c6b071b410b8b993f58f15fb2683b84b,2,48475932426,48475932426000000000000000000,0.12970169,0.0054564202
191,0x5f8b65ddc91c74ee169c7ebeb0603824ad09f39b,2,48475932426,48475932426000000000000000000,0.12970169,0.0054564202
192,0x6122cbd894c7bab8e4b5370895277c21c600f24d,2,48475932426,48475932426000000000000000000,0.12970169,0.0054564202
193,0x61c2ad2da6fe111e23b30a1a7e25070aa5d0754c,2,48475932426,48475932426000000000000000000,0.12970169,0.0054564202
194,0x6255114919f5e781b480e948faf0639788488888,2,48475932426,48475932426000000000000000000,0.12970169,0.0054564202
195,0x62ee9dba95437f8fb2ea8e03b637bb8f8e1abb5b,2,48475932426,48475932426000000000000000000,0.12970169,0.0054564202
196,0x63fe8673658da5f96032a55efc36dd15d16cc737,2,48475932426,48475932426000000000000000000,0.12970169,0.0054564202
197,0x6405780c4e25f02731b45972d75f7bd6c9f7109e,2,48475932426,48475932426000000000000000000,0.12970169,0.0054564202
198,0x6422ed6a42bbcd75da93381efc44749b39582108,2,48475932426,48475932426000000000000000000,0.12970169,0.0054564202
199,0x6435d20f502a470743d71693a36cd124304605e4,2,48475932426,48475932426000000000000000000,0.12970169,0.0054564202
200,0x65acbe92024c7669cbf8eea8ee67694e72a77378,2,48475932426,48475932426000000000000000000,0.12970169,0.0054564202
201,0x674065d509d11211b6c7ff28ee870fe06f2b0cc9,2,48475932426,48475932426000000000000000000,0.12970169,0.0054564202
202,0x67cdd5755294d521fa1976695a16752194db931a,2,48475932426,48475932426000000000000000000,0.12970169,0.0054564202
203,0x6a7ba85afd1a91e2f2a29460dbfab902d7780b86,2,48475932426,48475932426000000000000000000,0.12970169,0.0054564202
204,0x6b08c5235c3e9a77b1f8f4e70dd24f797528110c,2,48475932426,48475932426000000000000000000,0.12970169,0.0054564202
205,0x6d55f95affbeda0a841dfc8a778580e7907da9d0,2,48475932426,48475932426000000000000000000,0.12970169,0.0054564202
206,0x6e4d8cb9fe0ec7ec6be36b70bdfc42b746efd630,2,48475932426,48475932426000000000000000000,0.12970169,0.0054564202
207,0x6ee77fbf238c7ec32e90de50967ee71df9987613,2,48475932426,48475932426000000000000000000,0.12970169,0.0054564202
208,0x70103b1bc823d6a2e6b07ee9fb1d2eeff1767b53,2,48475932426,48475932426000000000000000000,0.12970169,0.0054564202
209,0x71197528817dbae469a11e4017e12d3918600000,2,48475932426,48475932426000000000000000000,0.12970169,0.0054564202
210,0x711e4f777b580b52716eb50ecd33354d4fbb0a38,2,48475932426,48475932426000000000000000000,0.12970169,0.0054564202
211,0x725b9c03d07450a5d66fe5266a9a50dcccfa590f,2,48475932426,48475932426000000000000000000,0.12970169,0.0054564202
212,0x73a874b236d6157e818aaa94e2fcc53a39537912,2,48475932426,48475932426000000000000000000,0.12970169,0.0054564202
213,0x75b0773536156d96e0b9ccc02afa15f3144b51f6,2,48475932426,48475932426000000000000000000,0.12970169,0.0054564202
214,0x7631bb95069c20f41223bfe6a27893190b36cfb7,2,48475932426,48475932426000000000000000000,0.12970169,0.0054564202
215,0x77914a0328ce9f5bc0f5c70f830f92a2b1e93147,2,48475932426,48475932426000000000000000000,0.12970169,0.0054564202
216,0x78aef6080c2dfef65cf4609bd195e782813e9ef2,2,48475932426,48475932426000000000000000000,0.12970169,0.0054564202
217,0x78bb0816aa6855077f46a4a8c3e4c7d7b82d9444,2,48475932426,48475932426000000000000000000,0.12970169,0.0054564202
218,0x78d643d9c3bd9ea1659372a37acc069d09a3c51e,2,48475932426,48475932426000000000000000000,0.12970169,0.0054564202
219,0x792cee45c8504cf997ca09962e1eee650fbd2858,2,48475932426,48475932426000000000000000000,0.12970169,0.0054564202
220,0x7a4f3fd607275cbb534c54955544b5ec6219dc44,2,48475932426,48475932426000000000000000000,0.12970169,0.0054564202
221,0x7bade1f6e13412c56ae45e28dcb33a35af879aac,2,48475932426,48475932426000000000000000000,0.12970169,0.0054564202
222,0x7c34e155c9ace55a161fdae93a7587f068e9509d,2,48475932426,48475932426000000000000000000,0.12970169,0.0054564202
223,0x7cf3c9abcde56e9b75facf71a9634c33a1c84950,2,48475932426,48475932426000000000000000000,0.12970169,0.0054564202
224,0x7ea2c226291736d57728809daead59cc52f0b1d9,2,48475932426,48475932426000000000000000000,0.12970169,0.0054564202
225,0x7eb7391971e1d61f89c91fcf724d044fc72f4df4,2,48475932426,48475932426000000000000000000,0.12970169,0.0054564202
226,0x7f5ca0837c895722d654728562d25695b349a090,2,48475932426,48475932426000000000000000000,0.12970169,0.0054564202
227,0x8019b18c7bb4d71d280d71b5905954db1fc9701b,2,48475932426,48475932426000000000000000000,0.12970169,0.0054564202
228,0x8034e19e10bdd6279a2f06732732561a7f2ec7c2,2,48475932426,48475932426000000000000000000,0.12970169,0.0054564202
229,0x81b504c05e5e233b220216d636a6ae8e4d0f043d,2,48475932426,48475932426000000000000000000,0.12970169,0.0054564202
230,0x81c173db8e2a42ff4f49e8cbec2b2cdd8ba08474,2,48475932426,48475932426000000000000000000,0.12970169,0.0054564202
231,0x8263e5f6bacbdcd3930c22ce3b4e941ec5e35598,2,48475932426,48475932426000000000000000000,0.12970169,0.0054564202
232,0x84a4a5bce1ed6a648de2eb2a356dee585fb09195,2,48475932426,48475932426000000000000000000,0.12970169,0.0054564202
233,0x84fbe237fec03e9be8d84a43c4edd517ca871a3e,2,48475932426,48475932426000000000000000000,0.12970169,0.0054564202
234,0x85fbf6dd00280d1a183b541a93d95cb0a5faec20,2,48475932426,48475932426000000000000000000,0.12970169,0.0054564202
235,0x863372f95d3984e533855e4976f2e5e20bf8c805,2,48475932426,48475932426000000000000000000,0.12970169,0.0054564202
236,0x87b95dda446543ee55c7a20c1eccebe354d66d10,2,48475932426,48475932426000000000000000000,0.12970169,0.0054564202
237,0x892b9ea0e4df4b3e436938bc5324005e58c56013,2,48475932426,48475932426000000000000000000,0.12970169,0.0054564202
238,0x8b19438bc97e7d3a6a50adb13ad39a16539e186d,2,48475932426,48475932426000000000000000000,0.12970169,0.0054564202
239,0x8ce7797c95aa29f7ad9d11e2fc4b55cb04635ac5,2,48475932426,48475932426000000000000000000,0.12970169,0.0054564202
240,0x9011ffa834b46f40a5ae14c2d6b9da447fef8e88,2,48475932426,48475932426000000000000000000,0.12970169,0.0054564202
241,0x905cf5e3a3e0a4b2a536d9d9ecec54afd14d268a,2,48475932426,48475932426000000000000000000,0.12970169,0.0054564202
242,0x915da37f772f9d87f84a9e521f2354124b17e621,2,48475932426,48475932426000000000000000000,0.12970169,0.0054564202
243,0x92121f17050b6d254e3bc8860eca6cba04d97373,2,48475932426,48475932426000000000000000000,0.12970169,0.0054564202
244,0x9532f4d438dec03f53724bcfb3e0d92fc6ef9c53,2,48475932426,48475932426000000000000000000,0.12970169,0.0054564202
245,0x99a3dec6bc8167e82e835083f705f08a8d36a055,2,48475932426,48475932426000000000000000000,0.12970169,0.0054564202
246,0x9d0aa44accb5573ca15f964fc8a7a24624b31202,2,48475932426,48475932426000000000000000000,0.12970169,0.0054564202
247,0x9e33c04f049ee53dbadd61f3eb19761141be5140,2,48475932426,48475932426000000000000000000,0.12970169,0.0054564202
248,0x9e660e0f77418030e5ffc3d73b03f7c879e0c477,2,48475932426,48475932426000000000000000000,0.12970169,0.0054564202
249,0x9ee7f3f2f0dfd73b05c04dfa0f0684c0ed034fe0,2,48475932426,48475932426000000000000000000,0.12970169,0.0054564202
250,0x9f1d5fe7dc37aad532ba818112baa007dceccaa8,2,48475932426,48475932426000000000000000000,0.12970169,0.0054564202
251,0xa0bc9f544453061b18202a377854ae28f837cd24,2,48475932426,48475932426000000000000000000,0.12970169,0.0054564202
252,0xa0c9ea7dcd2a50fc7ad758b96356e99f04b9861d,2,48475932426,48475932426000000000000000000,0.12970169,0.0054564202
253,0xa102fb6cb2780edc6385d01acd8fa3d155461193,2,48475932426,48475932426000000000000000000,0.12970169,0.0054564202
254,0xa39f39a804acb5f28788432e6665bce9cba32949,2,48475932426,48475932426000000000000000000,0.12970169,0.0054564202
255,0xa3f50179e2e9582bf1be153f952c322b809ed76c,2,48475932426,48475932426000000000000000000,0.12970169,0.0054564202
256,0xa4e4d939c36f01e55361dc2777072497be46edfb,2,48475932426,48475932426000000000000000000,0.12970169,0.0054564202
257,0xa50e347907afa24755e869e5fbf781ae94a9f97b,2,48475932426,48475932426000000000000000000,0.12970169,0.0054564202
258,0xa510f25fcd0dcc7ec212c5d0248690c7bbe65f5c,2,48475932426,48475932426000000000000000000,0.12970169,0.0054564202
259,0xa61ff12573a7973b45b68826e996e3bc8d6b09ba,2,48475932426,48475932426000000000000000000,0.12970169,0.0054564202
260,0xa7963c8bf4c84192765a305383f3b3d6415b53a4,2,48475932426,48475932426000000000000000000,0.12970169,0.0054564202
261,0xa85216455c21b406a30a8de298f53de8ecc86b10,2,48475932426,48475932426000000000000000000,0.12970169,0.0054564202
262,0xaae82e74398954bce819c766f4aa9c5def4a6788,2,48475932426,48475932426000000000000000000,0.12970169,0.0054564202
263,0xac1a20ea8d89a7a0980e6f20c511e8937145a077,2,48475932426,48475932426000000000000000000,0.12970169,0.0054564202
264,0xb0e76894de228ed023291bb37ea07f4681f9781c,2,48475932426,48475932426000000000000000000,0.12970169,0.0054564202
265,0xb2e8d353b8fe5fbef0578a4aa5cb058a065a32a7,2,48475932426,48475932426000000000000000000,0.12970169,0.0054564202
266,0xb859189bb29d9c752b6512df248e6e8a4f7e394a,2,48475932426,48475932426000000000000000000,0.12970169,0.0054564202
267,0xb86430323a80ecbe0c0c212745b85c589a02edd5,2,48475932426,48475932426000000000000000000,0.12970169,0.0054564202
268,0xb89f0647b12bb95a7e7477158c483da2e125b1e1,2,48475932426,48475932426000000000000000000,0.12970169,0.0054564202
269,0xb94e23b30baa23886c399d42a72306a9309b1bd1,2,48475932426,48475932426000000000000000000,0.12970169,0.0054564202
270,0xb9b27bdaeb012e1310dd0aee3820eb76f9da821f,2,48475932426,48475932426000000000000000000,0.12970169,0.0054564202
271,0xba57b1449159107d66200687c32027f55ac7f67b,2,48475932426,48475932426000000000000000000,0.12970169,0.0054564202
272,0xbcc94c648a36026b4335db5d762b1cfff605378f,2,48475932426,48475932426000000000000000000,0.12970169,0.0054564202
273,0xbe4a4fbc6b3c0f072869ed61b4a3158340247917,2,48475932426,48475932426000000000000000000,0.12970169,0.0054564202
274,0xbf17b626b59ab38cbdaaa4339b5a9b56c36f1a8d,2,48475932426,48475932426000000000000000000,0.12970169,0.0054564202
275,0xbf766b5e46c210d78a25ba9edb0283d5b982e470,2,48475932426,48475932426000000000000000000,0.12970169,0.0054564202
276,0xc00b9818571ab72912c0f89ba31c21d023fa99dd,2,48475932426,48475932426000000000000000000,0.12970169,0.0054564202
277,0xc2ae9bff884994fc3866d4fc59e3a607ca54450a,2,48475932426,48475932426000000000000000000,0.12970169,0.0054564202
278,0xc346eb5559a9c5e1fab3652fca0fc80d9df2f99d,2,48475932426,48475932426000000000000000000,0.12970169,0.0054564202
279,0xc3e2c11826b7dd23ca8c0172f5835f99384b24a0,2,48475932426,48475932426000000000000000000,0.12970169,0.0054564202
280,0xc4824469940e066fc8080cdbba7d8e2dff2f6557,2,48475932426,48475932426000000000000000000,0.12970169,0.0054564202
281,0xc48c7c21b9ced3342ce3b9aa707227172adde19c,2,48475932426,48475932426000000000000000000,0.12970169,0.0054564202
282,0xc5ba122ab0009c9c2c8e945c562c80107762cc82,2,48475932426,48475932426000000000000000000,0.12970169,0.0054564202
283,0xc73dd8239bb0e788b2e627447d779d52e63128f8,2,48475932426,48475932426000000000000000000,0.12970169,0.0054564202
284,0xc90765bc6a07952dfc0f1be48c10ec719ce63b83,2,48475932426,48475932426000000000000000000,0.12970169,0.0054564202
285,0xcab7a4958a00826089d66f25a7135dd0fcc645e9,2,48475932426,48475932426000000000000000000,0.12970169,0.0054564202
286,0xcb390fe2ef93729229addacc57f9581f35068f17,2,48475932426,48475932426000000000000000000,0.12970169,0.0054564202
287,0xcebf18a5f3ee3a30b0645046f80304f8d201466d,2,48475932426,48475932426000000000000000000,0.12970169,0.0054564202
288,0xcf9a5c793dfd957378e1ea4fe7f28b4770b2793e,2,48475932426,48475932426000000000000000000,0.12970169,0.0054564202
289,0xcfbf8330a19c3c58f02d548daecd7b5b798b36ec,2,48475932426,48475932426000000000000000000,0.12970169,0.0054564202
290,0xcffdd0ca14e61af77c51a49dead1745e116d3037,2,48475932426,48475932426000000000000000000,0.12970169,0.0054564202
291,0xd6796e714385eedb68d5d027382d4b4d0be68b73,2,48475932426,48475932426000000000000000000,0.12970169,0.0054564202
292,0xd70b61e343342b417bd98ab3dca890854a16f372,2,48475932426,48475932426000000000000000000,0.12970169,0.0054564202
293,0xd793332bf9a15d2c34f3cb97f5416659a725958f,2,48475932426,48475932426000000000000000000,0.12970169,0.0054564202
294,0xd9998ce41599ffe232fced928e82a0c6f70adcdb,2,48475932426,48475932426000000000000000000,0.12970169,0.0054564202
295,0xda5966e74f98f31bcf95d931eb8d70fc236d7edf,2,48475932426,48475932426000000000000000000,0.12970169,0.0054564202
296,0xda8ca7e0a52e1cf737935a4db9dfb85e13baec53,2,48475932426,48475932426000000000000000000,0.12970169,0.0054564202
297,0xda9c0f11f16c865fee054881bd213df6200b925f,2,48475932426,48475932426000000000000000000,0.12970169,0.0054564202
298,0xdac618b71f7337c8b663c370fee7b622edcb2335,2,48475932426,48475932426000000000000000000,0.12970169,0.0054564202
299,0xdd6208ea224cb28bc150f60edc4aec20fb27ddd4,2,48475932426,48475932426000000000000000000,0.12970169,0.0054564202
300,0xdf552963389ac903e13d5e58dd58bcbf24096cb3,2,48475932426,48475932426000000000000000000,0.12970169,0.0054564202
301,0xe009f3a7463fc8a02370714bb06513263cc75d2d,2,48475932426,48475932426000000000000000000,0.12970169,0.0054564202
302,0xe12916f486c2466afa13da59a75e573e88e063a8,2,48475932426,48475932426000000000000000000,0.12970169,0.0054564202
303,0xe2d53bad3145399402233a644f4cbaf13e9736d6,2,48475932426,48475932426000000000000000000,0.12970169,0.0054564202
304,0xe2e8040d7d3cb289f83625cae1999fceb90227f7,2,48475932426,48475932426000000000000000000,0.12970169,0.0054564202
305,0xe6f71457557c093e518a77998d38afe63f0ae2c7,2,48475932426,48475932426000000000000000000,0.12970169,0.0054564202
306,0xe7361ac8fa5d678029aeea262f07548fe1a0e8dd,2,48475932426,48475932426000000000000000000,0.12970169,0.0054564202
307,0xe9f963a68c34b4528fc8d2e51c0aca438993b5b9,2,48475932426,48475932426000000000000000000,0.12970169,0.0054564202
308,0xea0374fb1a7450a46aec0c1d39506517a7b93315,2,48475932426,48475932426000000000000000000,0.12970169,0.0054564202
309,0xeaab8389ca8fa6aee66c587ae5cc7b7da44b0023,2,48475932426,48475932426000000000000000000,0.12970169,0.0054564202
310,0xeaaf9f6218e43d6c516c17e4a7f291ac095f57d0,2,48475932426,48475932426000000000000000000,0.12970169,0.0054564202
311,0xeb09f37c2a19d19af4622f5cb51e398d9362f991,2,48475932426,48475932426000000000000000000,0.12970169,0.0054564202
312,0xeba5a2f101bbe39953758c702e7c0846d87e14ae,2,48475932426,48475932426000000000000000000,0.12970169,0.0054564202
313,0xed63763458cb4d22dd0e48bf6a570480ef565aa4,2,48475932426,48475932426000000000000000000,0.12970169,0.0054564202
314,0xeee75022f71504a6eb2e1bc59560f0386e149440,2,48475932426,48475932426000000000000000000,0.12970169,0.0054564202
315,0xf04dd24497a1bfc92adccd9ea0ba25994e02f080,2,48475932426,48475932426000000000000000000,0.12970169,0.0054564202
316,0xf0c8d2c7a5cad3330c584ea74537be4e64427262,2,48475932426,48475932426000000000000000000,0.12970169,0.0054564202
317,0xf0fb030634c89445c46febe2522be609cb9a39c2,2,48475932426,48475932426000000000000000000,0.12970169,0.0054564202
318,0xf43f2dbf8fb3a3dbe2d2bf0f5a75ff88bbecee65,2,48475932426,48475932426000000000000000000,0.12970169,0.0054564202
319,0xf5a553b6960a8c72bbf5ad1b7ed1427084001964,2,48475932426,48475932426000000000000000000,0.12970169,0.0054564202
320,0xf6adb83e4674c84977977877c10dfc6996bfb4d8,2,48475932426,48475932426000000000000000000,0.12970169,0.0054564202
321,0xf6e2adabc0f69a7f1161a60a48e52214f533b839,2,48475932426,48475932426000000000000000000,0.12970169,0.0054564202
322,0xf74141c0c89146131993c7b19aa4314f6be50bb3,2,48475932426,48475932426000000000000000000,0.12970169,0.0054564202
323,0xf76a218ca417361918c6675e39d8f93a01ef81a3,2,48475932426,48475932426000000000000000000,0.12970169,0.0054564202
324,0xf7eb288282a819585af33a1bb552c4b1f9dae3c3,2,48475932426,48475932426000000000000000000,0.12970169,0.0054564202
325,0xf85cbef6f8f45fb8bbc5be91fe9eeb4e36687826,2,48475932426,48475932426000000000000000000,0.12970169,0.0054564202
326,0xf90f47b41d4814c18562e9b5b891b6dabf44b0e8,2,48475932426,48475932426000000000000000000,0.12970169,0.0054564202
327,0xff4de8adcb1e3b3a8c7f8401c18a204a3ee51fe2,2,48475932426,48475932426000000000000000000,0.12970169,0.0054564202
328,0x0a451489f8c4b59aa4c84d2f53ebf11e984d5c39,1,24237966213,24237966213000000000000000000,0.06485084,0.0027282101
329,0x1578bcda7837fa7a6a86689248712fb031e47a6a,1,24237966213,24237966213000000000000000000,0.06485084,0.0027282101
330,0x1db31451c00550d6289729ff420e816c0f68f067,1,24237966213,24237966213000000000000000000,0.06485084,0.0027282101
331,0x3b4b59b71b8a69bbf12a5290c2c2f25456eeeee2,1,24237966213,24237966213000000000000000000,0.06485084,0.0027282101
332,0x41e2fa384159f92bd990abdac4636c8d102d8354,1,24237966213,24237966213000000000000000000,0.06485084,0.0027282101
333,0x46942a9111798df2d7e05b58462455af4e1d00a8,1,24237966213,24237966213000000000000000000,0.06485084,0.0027282101
334,0x4e0673b6bda872a711719ea6d8af3ca8f797c0aa,1,24237966213,24237966213000000000000000000,0.06485084,0.0027282101
335,0x5b6954acf79d65d51ec5372bc309e77688e6a196,1,24237966213,24237966213000000000000000000,0.06485084,0.0027282101
336,0x64c5503b01e6ccc451687c5392068a0bdedaf959,1,24237966213,24237966213000000000000000000,0.06485084,0.0027282101
337,0x67176fd91ad6bcc9c4b3a2cec29e43356d0854fe,1,24237966213,24237966213000000000000000000,0.06485084,0.0027282101
338,0x67520701ce9419758e5ef325d67c76709780659a,1,24237966213,24237966213000000000000000000,0.06485084,0.0027282101
339,0x676f330cc974ba96cce7b1f68be87bed1e499a5b,1,24237966213,24237966213000000000000000000,0.06485084,0.0027282101
340,0x698ebcdb4c98554e92cc5d8b3bb3892820cca090,1,24237966213,24237966213000000000000000000,0.06485084,0.0027282101
341,0x69bfe63d37599d4e785ef19e53635b8cd70b0156,1,24237966213,24237966213000000000000000000,0.06485084,0.0027282101
342,0x6a6611ab2f6be27a69d95e8e34a47bf93060f22b,1,24237966213,24237966213000000000000000000,0.06485084,0.0027282101
343,0x71fcf4ce1a170d26695beefd9a382ed240107f0f,1,24237966213,24237966213000000000000000000,0.06485084,0.0027282101
344,0x765a26bb61a59b3f4022a23704c30db42baec036,1,24237966213,24237966213000000000000000000,0.06485084,0.0027282101
345,0x929dc9910f2274ccd1ba44414058cd2280217eaf,1,24237966213,24237966213000000000000000000,0.06485084,0.0027282101
346,0xa1b31f8f4db546ec9d48d5eb2a58af486a780ca5,1,24237966213,24237966213000000000000000000,0.06485084,0.0027282101
347,0xa7a78045251d8be6ed56e5bd3f09cccedb2dbd1b,1,24237966213,24237966213000000000000000000,0.06485084,0.0027282101
348,0xb860fe575fb5b73ffe4b80977cc0cf7c66b37f49,1,24237966213,24237966213000000000000000000,0.06485084,0.0027282101
349,0xc2510dd40da6ffc0c6b44177db1c67ee092f4490,1,24237966213,24237966213000000000000000000,0.06485084,0.0027282101
350,0xc90630dcd4d273395035626e0c8f91fab1797116,1,24237966213,24237966213000000000000000000,0.06485084,0.0027282101
351,0xd491f57c25f8b7996955be24652d74dc160931df,1,24237966213,24237966213000000000000000000,0.06485084,0.0027282101
352,0xe88ec9ec9499c12c23db6e2104c987c0d0ae8133,1,24237966213,24237966213000000000000000000,0.06485084,0.0027282101
353,0xefea2ea0506daa2a12ad3ad63ea287f13f1866e9,1,24237966213,24237966213000000000000000000,0.06485084,0.0027282101
354,0xf358ce3134e5a318039914d04e1fd27faef5806c,1,24237966213,24237966213000000000000000000,0.06485084,0.0027282101
355,0xf7739ac4c946056a6e302b6db83bc0345d1df37f,1,24237966213,24237966213000000000000000000,0.06485084,0.0027282101
356,0xf97c2337ea3e5fddeab7de2f557fb0cd67ac32b5,1,24237966213,24237966213000000000000000000,0.06485084,0.0027282101
357,0xff79d9b29fb14c1b755e0b4ea9937744f2b36fd3,1,24237966213,24237966213000000000000000000,0.06485084,0.0027282101
